<?xml version="1.0" encoding="utf-8"?>
<theme>
    <name>Gusto</name>
    <version>1.0.7</version>
    <creationDate>Novemer 2014</creationDate>
    <author>YOOtheme</author>
    <authorEmail>info@yootheme.com</authorEmail>
    <authorUrl>http://www.yootheme.com</authorUrl>
    <copyright>Copyright (C) YOOtheme GmbH</copyright>
    <license>YOOtheme Proprietary Use License (http://www.yootheme.com/license)</license>
    <description>Gusto is the August 2015 theme of the YOOtheme club. It is based on YOOtheme's Warp theme framework. NOTE: It is not free or public. This theme is for members of the YOOtheme club only.</description>
    <positions>
        <position settings="assignment">search</position>
        <position settings="assignment">logo</position>
        <position settings="assignment">logo-small</position>
        <position settings="assignment">toolbar</position>
        <position settings="assignment">menu</position>
        <position settings="assignment">breadcrumbs</position>
        <position>top-a</position>
        <position>top-b</position>
        <position>top-c</position>
        <position>top-d</position>
        <position>bottom-a</position>
        <position>bottom-b</position>
        <position>bottom-c</position>
        <position>bottom-d</position>
        <position>bottom-e</position>
        <position>main-top</position>
        <position>main-bottom</position>
        <position>sidebar-a</position>
        <position>sidebar-b</position>
        <position settings="assignment">footer</position>
        <position settings="title assignment">offcanvas</position>
        <position settings="">debug</position>
    </positions>
</theme>
