{
    "dynamic_style": "1",
    "compression": "0",
    "panel_default": {
        "top-a": {
            "panel": "uk-panel uk-panel-box"
        },
        "top-b": {
            "panel": "uk-panel uk-panel-box"
        },
        "top-c": {
            "panel": "uk-panel uk-panel-box"
        },
        "top-d": {
            "panel": "uk-panel uk-panel-box"
        },
        "bottom-a": {
            "panel": "uk-panel uk-panel-box"
        },
        "bottom-b": {
            "panel": "uk-panel uk-panel-box"
        },
        "bottom-c": {
            "panel": "uk-panel uk-panel-box"
        },
        "bottom-d": {
            "panel": "uk-panel uk-panel-box"
        },
        "main-top": {
            "panel": "uk-panel uk-panel-box"
        },
        "main-bottom": {
            "panel": "uk-panel uk-panel-box"
        },
        "sidebar-a": {
            "panel": "uk-panel uk-panel-box"
        },
        "sidebar-b": {
            "panel": "uk-panel uk-panel-box"
        }
    },
    "tracking_code": "",
    "layouts": {
        "default": {
            "style": "default",
            "navigation_style": "centered",
            "tm_background": "geometries",
            "sidebars": {
                "sidebar-a": {
                    "width": "15",
                    "alignment": "right"
                },
                "sidebar-b": {
                    "width": "15",
                    "alignment": "right"
                }
            },
            "grid": {
                "top-a": {
                    "layout": "parallel",
                    "responsive": "medium"
                },
                "top-b": {
                    "layout": "parallel",
                    "responsive": "medium"
                },
                "top-c": {
                    "layout": "parallel",
                    "responsive": "medium"
                },
                "top-d": {
                    "layout": "parallel",
                    "responsive": "medium"
                },
                "bottom-a": {
                    "layout": "parallel",
                    "responsive": "medium"
                },
                "bottom-b": {
                    "layout": "parallel",
                    "responsive": "medium"
                },
                "bottom-c": {
                    "layout": "parallel",
                    "responsive": "medium"
                },
                "bottom-d": {
                    "layout": "parallel",
                    "responsive": "medium"
                },
                "main-top": {
                    "layout": "parallel",
                    "responsive": "medium"
                },
                "main-bottom": {
                    "layout": "parallel",
                    "responsive": "medium"
                }
            },
            "block": {
                "top-a": {
                    "block-bg": " uk-block-default",
                    "block-padding": " ",
                    "content-width": "",
                    "class": ""
                },
                "top-b": {
                    "block-bg": " uk-block-default",
                    "block-padding": " ",
                    "content-width": "",
                    "class": ""
                },
                "top-c": {
                    "block-bg": " uk-block-default",
                    "block-padding": " ",
                    "content-width": "",
                    "class": ""
                },
                "top-d": {
                    "block-bg": " uk-block-default",
                    "block-padding": " ",
                    "content-width": "",
                    "class": ""
                },
                "main": {
                    "block-bg": " uk-block-default",
                    "block-padding": " ",
                    "content-width": "",
                    "class": ""
                },
                "bottom-a": {
                    "block-bg": " uk-block-default",
                    "block-padding": " ",
                    "content-width": "",
                    "class": ""
                },
                "bottom-b": {
                    "block-bg": " uk-block-default",
                    "block-padding": " ",
                    "content-width": "",
                    "class": ""
                },
                "bottom-c": {
                    "block-bg": " uk-block-default",
                    "block-padding": " ",
                    "content-width": "",
                    "class": ""
                },
                "bottom-d": {
                    "block-bg": " uk-block-default",
                    "block-padding": " ",
                    "content-width": "",
                    "class": ""
                },
                "footer": {
                    "block-bg": " uk-block-default",
                    "block-padding": " ",
                    "content-width": "",
                    "class": ""
                }
            }
        }
    }
}