<?xml version="1.0" encoding="utf-8"?>
<theme>
    <name>Luna</name>
    <version>1.0.1</version>
    <creationDate>August 2016</creationDate>
    <author>YOOtheme</author>
    <authorEmail>info@yootheme.com</authorEmail>
    <authorUrl>http://www.yootheme.com</authorUrl>
    <copyright>Copyright (C) YOOtheme GmbH</copyright>
    <license>YOOtheme Proprietary Use License (http://www.yootheme.com/license)</license>
    <description>Luna is the August 2016 theme of the YOOtheme club. It is based on YOOtheme's Warp theme framework. NOTE: It is not free or public. This theme is for members of the YOOtheme club only.</description>
    <positions>
        <position settings="assignment">search</position>
        <position settings="">logo</position>
        <position settings="">logo-small</position>
		<position settings="assignment">toolbar-h</position>		
        <position settings="">menu</position>
        <position settings="assignment">toolbar-l</position>
        <position settings="assignment">toolbar-r</position>
        <position settings="assignment">breadcrumbs</position>
        <position>top-a</position>
        <position>top-b</position>
        <position>top-c</position>
        <position>top-d</position>
        <position>bottom-a</position>
        <position>bottom-b</position>
        <position>bottom-c</position>
        <position>bottom-d</position>
        <position>main-top</position>
        <position>main-bottom</position>
        <position>sidebar-a</position>
        <position>sidebar-b</position>
        <position settings="assignment">footer-left</position>
        <position settings="assignment">footer-right</position>
        <position settings="">offcanvas</position>
        <position settings="assignment">smoothscroll</position>
        <position settings="">debug</position>
    </positions>
</theme>
