{
    "dynamic_style": "1",
    "compression": "0",
    "warp_branding": "0",
    "panel_default": {
		"top-a": {
			"panel": "uk-panel"
		},
		"top-b": {
			"panel": "uk-panel"
		},
		"top-c": {
			"panel": "uk-panel"
		},
		"top-d": {
			"panel": "uk-panel"
		},
		"bottom-a": {
			"panel": "uk-panel"
		},
		"bottom-b": {
			"panel": "uk-panel"
		},
		"bottom-c": {
			"panel": "uk-panel"
		},
		"bottom-d": {
			"panel": "uk-panel"
		},
		"main-top": {
			"panel": "uk-panel"
		},
		"main-bottom": {
			"panel": "uk-panel"
		},
		"sidebar-a": {
			"panel": "uk-panel uk-panel-box"
		},
		"sidebar-b": {
			"panel": "uk-panel uk-panel-box"
		}
	},
    "tracking_code": "",
    "layouts": {
        "default": {
			"style": "default",
			"sidebars": {
				"sidebar-a": {
					"width": "20"
				},
				"sidebar-b": {
					"width": "20"
				}
			},
			"grid": {
				"top-a": {
					"layout": "parallel",
					"responsive": "medium"
				},
				"top-b": {
					"layout": "parallel",
					"responsive": "medium"
				},
				"top-c": {
					"layout": "parallel",
					"responsive": "medium"
				},
				"top-d": {
					"layout": "parallel",
					"responsive": "medium",
					"divider": "1"
				},
				"bottom-a": {
					"layout": "parallel",
					"responsive": "medium"
				},
				"bottom-b": {
					"layout": "parallel",
					"responsive": "medium",
					"divider": "1"
				},
				"bottom-c": {
					"layout": "parallel",
					"responsive": "medium"
				},
				"bottom-d": {
					"layout": "parallel",
					"responsive": "medium",
					"divider": "1"
				},
				"main-top": {
					"layout": "parallel",
					"responsive": "medium"
				},
				"main-bottom": {
					"layout": "parallel",
					"responsive": "medium"
				}
			},
			"navbar_mode": "2",
			"navbar_template": "default",
			"footer_template": "default",
			"footer_contrast": "1",
			"blocks": {
				"top-a": {
					"background": "muted",
					"image": "",
					"image_blend": "",
					"image_opacity": "",
					"padding": "large",
					"class": ""
				},
				"top-b": {
					"background": "default",
					"image": "",
					"image_blend": "",
					"image_opacity": "",
					"padding": "large",
					"class": ""
				},
				"top-c": {
					"background": "muted",
					"image": "",
					"image_blend": "",
					"image_opacity": "",
					"padding": "large",
					"class": ""
				},
				"top-d": {
					"background": "default",
					"image": "",
					"image_blend": "",
					"image_opacity": "",
					"padding": "large",
					"class": ""
				},
				"main": {
					"background": "default",
					"image": "",
					"image_blend": "",
					"image_opacity": "",
					"padding": "large",
					"class": ""
				},
				"bottom-a": {
					"background": "muted",
					"image": "",
					"image_blend": "",
					"image_opacity": "",
					"padding": "large",
					"class": ""
				},
				"bottom-b": {
					"background": "primary",
					"image": "",
					"image_blend": "",
					"image_opacity": "",
					"contrast": "1",
					"padding": "large",
					"class": ""
				},
				"bottom-c": {
					"background": "secondary",
					"image": "",
					"image_blend": "",
					"image_opacity": "",
					"contrast": "1",
					"padding": "large",
					"class": ""
				},
				"bottom-d": {
					"background": "default",
					"image": "",
					"image_blend": "",
					"image_opacity": "",
					"padding": "large",
					"class": ""
				}
            }
        }
    }
}
